INSERT INTO "status_task" (id,description,delete) VALUES (1,'Activo','False'),(2,'Inactivo','False');

--------------------------------------------------------------------------------------------------------------------------------
--------------------------------------------------------------------------------------------------------------------------------

INSERT INTO "institution" (id,name,location,delete) VALUES (1,'Lacus Varius Et Company',ST_GeomFromText('POINT(-70.130289 -20.257980)', 4326),'False'),(2,'Consequat Nec Inc.',ST_GeomFromText('POINT(-73.053214 -41.126325)', 4326),'False'),(3,'Libero Morbi Industries',ST_GeomFromText('POINT(-69.293043 -52.774688)', 4326),'False'),(4,'Tristique Pharetra Quisque Inc.',ST_GeomFromText('POINT(-72.998209 -51.004127)', 4326),'False'),(5,'Viverra Donec Corp.',ST_GeomFromText('POINT(-70.646763 -33.435962)', 4326),'False'),(6,'Quisque Porttitor Limited',ST_GeomFromText('POINT(-73.122853 -40.584070)', 4326),'False'),(7,'Fringilla Company',ST_GeomFromText('POINT(-73.807127 -41.880651)', 4326),'False'),(8,'Lectus Convallis LLC',ST_GeomFromText('POINT(-70.599085 -33.608464)', 4326),'False'),(9,'Ridiculus Foundation',ST_GeomFromText('POINT(-70.740743 -34.170302)', 4326),'False'),(10,'Vel Est Corp.',ST_GeomFromText('POINT(-70.605911 -33.506734)', 4326),'False'), (11,'Nulla Magna Malesuada LLP',ST_GeomFromText('POINT(-109.392039 -27.113959)', 4326),'False'),(12,'Quisque Ltd',ST_GeomFromText('POINT(-71.685560 -33.403758)', 4326),'False'),(13,'Nulla Integer Vulputate Industries',ST_GeomFromText('POINT(-67.584283 -54.933118)', 4326),'False'),(14,'Nibh Industries',ST_GeomFromText('POINT(-72.928177 -41.474096)', 4326),'False'),(15,'Eget Ipsum Donec Corporation',ST_GeomFromText('POINT(-70.984503 -34.586485)', 4326),'False'),(16,'Bibendum Consulting',ST_GeomFromText('POINT(-73.278102 -39.836961)', 4326),'False'),(17,'Mattis Consulting',ST_GeomFromText('POINT(-70.653627 -33.442796)', 4326),'False'),(18,'Felis Purus Ac Inc.',ST_GeomFromText('POINT(-71.562049 -33.020491)', 4326),'False'),(19,'Ornare Lectus Justo Foundation',ST_GeomFromText('POINT(-71.544312 -33.012377)', 4326),'False'),(20,'Enim Non Nisi Limited',ST_GeomFromText('POINT(-70.696769 -33.432270)', 4326),'False'),(21,'Nibh Quisque Nonummy Corporation',ST_GeomFromText('POINT(-73.233857 -39.833267)', 4326),'False'),(22,'Dictum Inc.',ST_GeomFromText('POINT(-69.795716 -20.208678)', 4326),'False'),(23,'Ornare Lectus Incorporated',ST_GeomFromText('POINT(-70.620313 -33.445729)', 4326),'False'),(24,'Sit Amet Foundation',ST_GeomFromText('POINT(-72.057170 -45.576380)', 4326),'False'),(25,'Dignissim Ltd',ST_GeomFromText('POINT(-72.235174 -39.295349)', 4326),'False'),(26,'Quisque LLC',ST_GeomFromText('POINT(-70.519051 -30.027642)', 4326),'False'),(27,'Orci Phasellus Dapibus Incorporated',ST_GeomFromText('POINT(-70.626531 -33.451364)', 4326),'False'),(28,'Rhoncus Company',ST_GeomFromText('POINT(-73.012958 -40.408793)', 4326),'False'),(29,'In LLC',ST_GeomFromText('POINT(-70.147217 -20.217471)', 4326),'False'),(30,'Tristique Senectus PC',ST_GeomFromText('POINT(-70.654976 -33.450802)', 4326),'False');

--------------------------------------------------------------------------------------------------------------------------------
--------------------------------------------------------------------------------------------------------------------------------

INSERT INTO "coordinator" (id,name,id_institution,location,delete) VALUES (1,'Murphy',1,ST_GeomFromText('POINT(-70.599085 -33.608464)', 4326),'False'),(2,'Cyrus',2,ST_GeomFromText('POINT(-70.740743 -34.170302)', 4326),'False'),(3,'Griffin',3,ST_GeomFromText('POINT(-70.605911 -33.506734)', 4326),'False'),(4,'Lance',4,ST_GeomFromText('POINT(-109.392039 -27.113959)', 4326),'False'),(5,'Xenos',5,ST_GeomFromText('POINT(-71.685560 -33.403758)', 4326),'False'),(6,'Daniel',6,ST_GeomFromText('POINT(-67.584283 -54.933118)', 4326),'False'),(7,'Colton',7,ST_GeomFromText('POINT(-72.928177 -41.474096)', 4326),'False'),(8,'Philip',8,ST_GeomFromText('POINT(-70.984503 -34.586485)', 4326),'False'),(9,'Grady',9,ST_GeomFromText('POINT(-73.278102 -39.836961)', 4326),'False'),(10,'Clinton',10,ST_GeomFromText('POINT(-70.653627 -33.442796)', 4326),'False'),(11,'Lee',11,ST_GeomFromText('POINT(-71.562049 -33.020491)', 4326),'False'),(12,'Cyrus',12,ST_GeomFromText('POINT(-71.544312 -33.012377)', 4326),'False'),(13,'James',13,ST_GeomFromText('POINT(-70.130289 -20.257980)', 4326),'False'),(14,'Chadwick',14,ST_GeomFromText('POINT(-73.053214 -41.126325)', 4326),'False'),(15,'Allistair',15,ST_GeomFromText('POINT(-69.293043 -52.774688)', 4326),'False'),(16,'Len',16,ST_GeomFromText('POINT(-72.057170 -45.576380)', 4326),'False'),(17,'Joseph',17,ST_GeomFromText('POINT(-70.147217 -20.217471)', 4326),'False'),(18,'Hu',18,ST_GeomFromText('POINT(-70.626531 -33.451364)', 4326),'False'),(19,'Malik',19,ST_GeomFromText('POINT(-69.795716 -20.208678)', 4326),'False'),(20,'Beck',20,ST_GeomFromText('POINT(-72.998209 -51.004127)', 4326),'False'),(21,'Brennan',21,ST_GeomFromText('POINT(-70.519051 -30.027642)', 4326),'False'),(22,'Burton',22,ST_GeomFromText('POINT(-70.696769 -33.432270)', 4326),'False'),(23,'Jeremy',23,ST_GeomFromText('POINT(-72.235174 -39.295349)', 4326),'False'),(24,'Christopher',24,ST_GeomFromText('POINT(-73.233857 -39.833267)', 4326),'False'),(25,'Wang',25,ST_GeomFromText('POINT(-70.654976 -33.450802)', 4326),'False'),(26,'Patrick',26,ST_GeomFromText('POINT(-70.646763 -33.435962)', 4326),'False'),(27,'Jeremy',27,ST_GeomFromText('POINT(-73.012958 -40.408793)', 4326),'False'),(28,'Brady',28,ST_GeomFromText('POINT(-70.620313 -33.445729)', 4326),'False'),(29,'Emery',29,ST_GeomFromText('POINT(-73.122853 -40.584070)', 4326),'False'),(30,'Reese',30,ST_GeomFromText('POINT(-73.807127 -41.880651)', 4326),'False');

--------------------------------------------------------------------------------------------------------------------------------
--------------------------------------------------------------------------------------------------------------------------------




--ST_GeomFromText('POINT(-70.456085 -33.608464)', 4326)
--ST_GeomFromText('POINT(-70.732443 -34.199302)', 4326)
--ST_GeomFromText('POINT(-70.605911 -33.232734)', 4326)
--ST_GeomFromText('POINT(-109.894039 -27.662959)', 4326)
--ST_GeomFromText('POINT(-71.123560 -33.987758)', 4326)
--ST_GeomFromText('POINT(-67.765283 -54.222118)', 4326)
--ST_GeomFromText('POINT(-72.987177 -41.765096)', 4326)
--ST_GeomFromText('POINT(-70.456503 -34.455485)', 4326)
--ST_GeomFromText('POINT(-73.234102 -39.554961)', 4326)
--ST_GeomFromText('POINT(-70.987627 -33.876796)', 4326)
--ST_GeomFromText('POINT(-71.236049 -33.227491)', 4326)
--ST_GeomFromText('POINT(-71.274312 -33.666377)', 4326)
--ST_GeomFromText('POINT(-70.224289 -20.444980)', 4326)
--ST_GeomFromText('POINT(-73.985014 -41.764325)', 4326)
--ST_GeomFromText('POINT(-71.275774 -33.098222)', 4326)
--ST_GeomFromText('POINT(-69.732443 -34.122121)', 4326)
--ST_GeomFromText('POINT(-71.605911 -33.011405)', 4326)
--ST_GeomFromText('POINT(-108.894039 -27.837432)', 4326)
--ST_GeomFromText('POINT(-70.123560 -33.321158)', 4326)
--ST_GeomFromText('POINT(-69.765283 -54.543318)', 4326)
--ST_GeomFromText('POINT(-71.987177 -41.765496)', 4326)
--ST_GeomFromText('POINT(-69.456503 -34.543285)', 4326)
--ST_GeomFromText('POINT(-72.234102 -39.765461)', 4326)
--ST_GeomFromText('POINT(-71.987627 -33.987696)', 4326)
--ST_GeomFromText('POINT(-72.236049 -33.354391)', 4326)
--ST_GeomFromText('POINT(-70.274312 -33.876577)', 4326)
--ST_GeomFromText('POINT(-71.224289 -20.233380)', 4326)
--ST_GeomFromText('POINT(-72.985014 -41.444225)', 4326)
--ST_GeomFromText('POINT(-72.985014 -40.786625)', 4326)
--ST_GeomFromText('POINT(-70.336503 -30.443285)', 4326)

INSERT INTO "urgency" (id,name,description, start_date, end_date, id_coordinator, location,delete) VALUES (1,'Gato en el arbol','Hay un gato en el arbol','08/04/2021','10/04/2021',1,ST_GeomFromText('POINT(-70.456085 -33.608464)', 4326),'False'),(2,'Perro atropellado','Perro fue atropellado por un hombre en moto en el centro', '10/05/2021','10/06/2021',2,ST_GeomFromText('POINT(-70.732443 -34.199302)', 4326),'False'),(3,'Hombre herido','hombre se encuentra herido por una bala en la pierna','07/03/2018','08/11/2019',3,ST_GeomFromText('POINT(-70.605911 -33.232734)', 4326),'False'),(4,'Espinilla gigante','mujer con espinilla muy grande no puede caminar','12/03/2018','08/12/2019',4,ST_GeomFromText('POINT(-109.894039 -27.662959)', 4326),'False'),(5,'Pelea de pandillas','Hay una pelea de pandillas rivales','12/07/2021','10/06/2021',5,ST_GeomFromText('POINT(-71.123560 -33.987758)', 4326),'False'),(6,'Niño perdido','Hay un niño perdido en el centro y no puede encontrar a su mamá','12/11/2021','06/08/2021',6,ST_GeomFromText('POINT(-67.765283 -54.222118)', 4326),'False'),(7,'Hombre con amnesia','Hombre no sabe su nombre ni donde vive, aparentemente sufre de amnesia','11/07/2021','01/01/2021',7,ST_GeomFromText('POINT(-72.987177 -41.765096)', 4326),'False'),(8,'Apendicitis','Joven con apendicitis se encuentra al borde de la muerte','05/01/2020','10/06/2021',8,ST_GeomFromText('POINT(-70.456503 -34.455485)', 4326),'False'),(9,'Mujer tiene lupus','mujer con lupus se encuetra grave, se debe internar a la brevedad','07/03/2018','08/05/2019',9,ST_GeomFromText('POINT(-73.234102 -39.554961)', 4326),'False'),(10,'Asalto a hombre','Asaltaron a un hombre en el centro y le robaron el celular','12/07/2021','10/06/2021',10,ST_GeomFromText('POINT(-70.987627 -33.876796)', 4326),'False'),(11,'Mujer pierde su gatito','Mujer pierde a su gatito en el veterinario','03/09/2021','05/04/2021',11,ST_GeomFromText('POINT(-71.236049 -33.227491)', 4326),'False'),(12,'Incendio','A un niño lo dejaron solo en su casa e inició un incendio','09/12/2021','03/06/2021',12,ST_GeomFromText('POINT(-71.274312 -33.666377)', 4326),'False'),(13,'Terremoto en viña del mar','Terremoto provoca estragos en la quinta region, llamar a la roca','01/02/2021','06/07/2021',13,ST_GeomFromText('POINT(-70.224289 -20.444980)', 4326),'False'),(14,'Mujer necesita su uniforme','Mujer olvida su uniforme de trabajo en la casa','02/01/2021','03/04/2021',14,ST_GeomFromText('POINT(-73.985014 -41.764325)', 4326),'False'),(15,'Hombre cae de quinto piso','llamar a bomberos que puedan ayudan al afligido','05/07/2021','06/06/2021',15,ST_GeomFromText('POINT(-71.275774 -33.098222)', 4326),'False'),(16,'Hombre pierde las llaves','Hombre pierde las llaves de su auto en el trabajo','09/05/2021','05/03/2021',16,ST_GeomFromText('POINT(-69.732443 -34.122121)', 4326),'False'),(17,'Casa abandonada','se reportan desapariciones cerca de casa abandonada, llamar a los caza fantasmas','12/07/2021','10/07/2021',17,ST_GeomFromText('POINT(-71.605911 -33.011405)', 4326),'False'),(18,'Mujer se cae de un cerro','Mujer que subía el cerro San Cristobal se cae 10 metros de alto','02/03/2021','01/05/2021',18,ST_GeomFromText('POINT(-108.894039 -27.837432)', 4326),'False'),(19,'Puma perdido','puma provoca estragos en medio de lo barnechea','01/03/2021','10/08/2021',19,ST_GeomFromText('POINT(-70.123560 -33.321158)', 4326),'False'),(20,'Mujer sufre una caida','Mujer sufre una caida en el centro y pierde un diente','03/07/2021','10/04/2021',20,ST_GeomFromText('POINT(-66.765283 -54.543318)', 4326),'False'),(21,'Mujer no respira','Mujer no respira y necesita su medicina','12/04/2021','09/04/2021',21,ST_GeomFromText('POINT(-71.987177 -41.765496)', 4326),'False'),(22,'Robo fuera de supermercado','Hombre es asaltado fuera de supermercado, guardias no logran hacer nada','10/10/2020','04/10/2020',22,ST_GeomFromText('POINT(-69.456503 -34.543285)', 4326),'False'),(23,'Asalto en Estación Central','Hombre es asaltado en Estación Centrol y le roban su billetera','04/05/2021','09/06/2021',23,ST_GeomFromText('POINT(-72.234102 -39.765461)', 4326),'False'),(24,'Hombre ahogado','Hombre muere ahogado en las playas de cartagena.','06/08/2023','08/08/2023',24,ST_GeomFromText('POINT(-71.987627 -33.987696)', 4326),'False'),(25,'Carabinero agrede a estudiantes','Un carabinero entra al Liceo de Aplicación y agrede a los estudiantes','12/03/2020','08/03/2020',25,ST_GeomFromText('POINT(-72.236049 -33.354391)', 4326),'False'),(26,'Cae astronauta','Astronauta de la estacion espacial internacional, cae en las calles de valparaiso, se impresiona por el olor a orina','10/07/2018','05/07/2018',26,ST_GeomFromText('POINT(-70.274312 -33.876577)', 4326),'False'),(27,'niño picado por araña','niño fue picado por araña, ya se encuentra bien en el hospital. La araña fue sacrificada','05/02/2019','07/02/2019',27,ST_GeomFromText('POINT(-71.224289 -20.233380)', 4326),'False'),(28,'Hombre genera una pandemia','Hombre chino come un murcielago y genera una pandemia','02/04/2022','05/11/2022',28,ST_GeomFromText('POINT(-72.985014 -41.444225)', 4326),'False'),(29,'Carabinero agrede a mujer embarazada','Carabinero agrede a una mujer embarazada provocandole una perdida','08/04/2021','9/04/2021',29,ST_GeomFromText('POINT(-72.985014 -40.786625)', 4326),'False'),(30,'Hombre cae dentro pozo ','Hombre cae dentro de un pozo, afortunadamente solo tiene un par de costillas rotas.','05/11/2022','07/12/2022',30,ST_GeomFromText('POINT(-70.336503 -30.443285)', 4326),'False');

--------------------------------------------------------------------------------------------------------------------------------
--------------------------------------------------------------------------------------------------------------------------------
--###---LISTO---
INSERT INTO "task" (id,name,description, num_vol_req, num_vol_signin, start_date, end_date, id_status_task, id_urgency, delete) VALUES (1,'Llamar a una ambulancia','Llamar a una ambulancia para que vaya a salvar a una mujer', 8, 6, '05/11/2022', '07/11/2022', 1,1,'False'),(2,'Encontrar una escalera','Encontrar una escalera para salvar a un gatito que está atrapado', 13, 12, '12/12/2021', '12/12/2021',2,2,'False'),(3,'Sacrificar un niño','Araña ataca a niño y este debe ser sacrificado', 2, 0, '02/06/2021', '12/06/2021',2,3,'False'),(4,'Encontrar a Isabel','Encontrar a Isabel, madre de un niño perdido', 3, 7, '08/09/2021', '06/09/2021',1,4,'False'),(5,'Encontrar llaves de auto','Encontrar las llaves del auto de Carlos', 12, 2, '07/09/2021', '08/09/2021',2,5,'False'),(6,'Llevar a mujer a su casa','Llevar a mujer ebria a su casa', 6, 2, '08/03/2022', '05/04/2022',2,6,'False'),(7,'Llevar uniforme a bomberos','Llevar uniforme a bomberos en Quinta Normal', 1, 1, '06/01/2021', '01/02/2021',2,7,'False'),(8,'Buscar residencia para dormir','Buscar residencia para dormir a una madre con su hijo', 20, 15, '01/05/2021', '09/05/2021',1,8,'False'),(9,'Salvar a león','Salvar a un león que es maltratado en un zoológico', 2, 6, '10/11/2021', '11/11/2021',2,9,'False'),(10,'Salvar a una foca','Salvar a una foca que es maltratada en un Buin Zoo', 5, 3, '10/11/2021', '11/11/2021',1,10,'False'), (11,'Salvar gatito','Salvar gatito que se encuentra atrapado en el techo de su casa', 6, 4, '08/10/2021', '10/10/2021',2,11,'False'),(12,'Preparar almuerzo','Preparar almuerzo para dar de comer a personas en situación de calle', 5, 5, '05/05/2021', '08/05/2021',2,12,'False'),(13,'Preparar desayuno','Preparar desayuno para dar de comer a personas en situación de calle', 1, 0, '02/12/2021', '03/12/2021',2,13,'False'),(14,'Salvar hombre','Salvar a un hombre que se acaba de caer de un cerro', 4, 4, '08/02/2021', '01/03/2021',1,14,'False'),(15,'luctus aliquet','turpis egestas. Fusce aliquet magna', 7, 7, '02/05/2021', '07/05/2021',1,15,'False'),(16,'justo sit','ac facilisis facilisis, magna tellus faucibus leo, in lobortis tellus', 12, 13, '04/07/2016', '10/07/2016',1,16,'False'),(17,'vel, convallis','enim. Mauris quis turpis vitae purus gravida sagittis. Duis', 25, 2, '06/11/2018', '12/11/2018',1,17,'False'),(18,'Integer','Nam nulla magna, malesuada vel, convallis in, cursus et, eros.', 6, 8, '08/12/2019', '04/01/2020',2,18,'False'),(19,'Suspendisse','Suspendisse dui. Fusce diam nunc, ullamcorper eu, euismod ac, fermentum', 9, 1, '08/09/2021', '05/09/2021',1,19,'False'),(20,'amet','Nunc sollicitudin commodo ipsum. Suspendisse non leo.', 14, 3, '02/10/2020', '06/10/2020',2,20,'False'), (21,'penatibus','natoque penatibus et magnis dis parturient montes, nascetur ridiculus mus.', 18, 7, '03/10/2021', '06/10/2021',1,21,'False'),(22,'lectus','id, erat. Etiam vestibulum massa rutrum magna. Cras convallis', 1, 0, '03/06/2021', '08/06/2021',2,22,'False'),(23,'at, libero.','volutpat nunc sit amet metus. Aliquam erat volutpat.', 20, 0, '12/02/2021', '12/03/2021',2,23,'False'),(24,'lorem, vehicula','placerat eget, venenatis a, magna.', 6, 12, '12/12/2021', '12/02/2022',2,24,'False'),(25,'orci.','mauris. Morbi non sapien molestie orci tincidunt adipiscing. Mauris', 22, 1, '08/12/2021', '09/12/2021',1,25,'False'),(26,'ultricies ornare,','nec luctus felis purus ac tellus.', 3, 5, '05/07/2021', '12/07/2021',1,26,'False'),(27,'mollis non,','dictum eu, placerat eget, venenatis',16,16,'12/01/2021', '02/12/2021',1,27,'False'),(28,'massa. Suspendisse','lacinia orci, consectetuer euismod est arcu ac orci. Ut semper',15,2,'06/01/2021', '02/02/2021',2,28,'False'),(29,'Sed','Suspendisse eleifend. Cras sed leo. Cras vehicula aliquet libero.',10,8,'05/12/2021','02/12/2021',2,29,'False'),(30,'laoreet','Donec egestas. Duis ac arcu. Nunc mauris. Morbi non',5,6,'01/03/2018', '05/09/2018',1,30,'False');

--------------------------------------------------------------------------------------------------------------------------------
--------------------------------------------------------------------------------------------------------------------------------

INSERT INTO "volunteer" (id,name,email,birthday,password,availability,location,delete) VALUES (1,'Jeremy','jeremy@gmail.com','03/02/2022','rutrum','False',ST_GeomFromText('POINT(-70.599085 -33.608464)', 4326),'False'),(2,'Evan','evan@gmail.com','12/12/2020','ornare.','False',ST_GeomFromText('POINT(-70.740743 -34.170302)', 4326),'False'),(3,'Brody','brody@gmail.com','11/08/2021','Nullam','False',ST_GeomFromText('POINT(-70.605911 -33.506734)', 4326),'False'),(4,'Hashim','hashim@gmail.com','01/11/2021','malesuada','False',ST_GeomFromText('POINT(-109.392039 -27.113959)', 4326),'False'),(5,'Dale','dale@gmail.com','08/04/2021','quam','True',ST_GeomFromText('POINT(-71.685560 -33.403758)', 4326),'False'),(6,'Lunea','lunea@gmail.com','03/08/2022','ut,','True',ST_GeomFromText('POINT(-67.584283 -54.933118)', 4326),'False'),(7,'Norman','norman@gmail.com','01/05/2021','eget,','True',ST_GeomFromText('POINT(-72.928177 -41.474096)', 4326),'False'),(8,'Beck','beck@gmail.com','12/01/2021','erat','True',ST_GeomFromText('POINT(-70.984503 -34.586485)', 4326),'False'),(9,'Ingrid','ingrid@gmail.com','03/03/2022','dui','True',ST_GeomFromText('POINT(-73.807127 -41.880651)', 4326),'False'),(10,'Akeem','akeem@gmail.com','06/08/2021','velit','False',ST_GeomFromText('POINT(-73.278102 -39.836961)', 4326),'False'),(11,'Rigel','rigel@yahoo.com','04/02/2022','Praesent','False',ST_GeomFromText('POINT(-70.653627 -33.442796)', 4326),'False'),(12,'Imani','imani@yahoo.com','05/07/2021','et','True',ST_GeomFromText('POINT(-71.562049 -33.020491)', 4326),'False'),(13,'Nero','nero@yahoo.com','03/02/2021','semper','True',ST_GeomFromText('POINT(-71.544312 -33.012377)', 4326),'False'),(14,'Sawyer','sawyer@yahoo.com','05/10/2021','tortor','True',ST_GeomFromText('POINT(-70.130289 -20.257980)', 4326),'False'),(15,'Judah','judah@yahoo.com','04/10/2020','ridiculus','False',ST_GeomFromText('POINT(-73.053214 -41.126325)', 4326),'False'),(16,'Cheyenne','cheyenne@yahoo.com','05/04/2021','congue,','False',ST_GeomFromText('POINT(-69.293043 -52.774688)', 4326),'False'),(17,'Mari','mari@yahoo.com','09/07/2020','diam.','False',ST_GeomFromText('POINT(-72.057170 -45.576380)', 4326),'False'),(18,'Charde','charde@yahoo.com','08/01/2022','Phasellus','False',ST_GeomFromText('POINT(-70.147217 -20.217471)', 4326),'False'),(19,'Dominique','dominique@yahoo.com','07/10/2021','dui','False',ST_GeomFromText('POINT(-70.626531 -33.451364)', 4326),'False'),(20,'Hector','hector@yahoo.com','02/07/2020','senectus','False',ST_GeomFromText('POINT(-69.795716 -20.208678)', 4326),'False'),(21,'Autumn','autumn@hotmail.com','04/11/2021','accumsan','True',ST_GeomFromText('POINT(-72.998209 -51.004127)', 4326),'False'),(22,'Erin','erin@hotmail.com','04/11/2021','justo','False',ST_GeomFromText('POINT(-70.519051 -30.027642)', 4326),'False'),(23,'Ronan','ronan@hotmail.com','06/01/2021','amet','False',ST_GeomFromText('POINT(-70.696769 -33.432270)', 4326),'False'),(24,'Irene','irene@hotmail.com','03/05/2021','vulputate','True',ST_GeomFromText('POINT(-72.235174 -39.295349)', 4326),'False'),(25,'Lani','lani@hotmail.com','12/06/2021','aliquam','False',ST_GeomFromText('POINT(-73.233857 -39.833267)', 4326),'False'),(26,'Isadora','isadora@hotmail.com','08/11/2020','Praesent','False',ST_GeomFromText('POINT(-70.654976 -33.450802)', 4326),'False'),(27,'Vera','vera@hotmail.com','08/05/2020','risus.','False',ST_GeomFromText('POINT(-70.646763 -33.435962)', 4326),'False'),(28,'Sybill','sybill@hotmail.com','09/04/2022','in','False',ST_GeomFromText('POINT(-73.012958 -40.408793)', 4326),'False'),(29,'Hoyt','hoyt@hotmail.com','01/12/2022','Mauris','True',ST_GeomFromText('POINT(-70.620313 -33.445729)', 4326),'False'),(30,'Ruth','ruth@hotmail.com','11/04/2021','dolor','False',ST_GeomFromText('POINT(-73.122853 -40.584070)', 4326),'False');

--------------------------------------------------------------------------------------------------------------------------------
--------------------------------------------------------------------------------------------------------------------------------
--###---LISTO---
INSERT INTO "ranking" (id,score, flag_guest, flag_participate, id_volunteer, id_task,delete) VALUES (1,10, 1, 2, 1,30,'False'),(2,7, 1, 1, 2,29,'False'),(3,9, 2, 1, 3,28,'False'),(4,1, 1, 1, 4,27,'False'),(5,4, 1, 1, 5,26,'False'),(6,8, 2, 2, 6,25,'False'),(7,9, 1, 2, 7,24,'False'),(8,7, 2, 1, 8,23,'False'),(9,3, 2, 1, 9,22,'False'),(10,3, 1, 1, 10,21,'False'),(11,2, 1, 1, 11,20,'False'),(12,4, 1, 2, 12,19,'False'),(13,2, 2, 1, 13,18,'False'),(14,6, 1, 2, 14,17,'False'),(15,7, 1, 1, 15,16,'False'),(16,1, 1, 1, 16,15,'False'),(17,1, 2, 1, 17,14,'False'),(18,4, 1, 2, 18,13,'False'),(19,6, 1, 1, 19,12,'False'),(20,3, 1, 2 , 20,11,'False'),(21,7, 2, 1, 21,10,'False'),(22,7, 2, 2, 22,9,'False'),(23,5, 1, 1, 23,8,'False'),(24,3, 1, 1, 24,7,'False'),(25,9, 1, 1, 25,6,'False'),(26,10, 2, 1, 26,5,'False'),(27,1, 1, 1, 27,4,'False'),(28,8, 2,2, 28,3,'False'),(29,8, 1, 2, 29,2,'False'),(30,6, 2, 1, 30,1,'False');

--------------------------------------------------------------------------------------------------------------------------------
--------------------------------------------------------------------------------------------------------------------------------

INSERT INTO "skill" (id,name,description,delete) VALUES (1,'Talar arboles','Utiliza implementos de seguridad adecuados para talar arboles','False'),(2,'Trepar muros','Trepa muros de más de 5m de altura','False'),(3,'Cocinar','Hace la mejor cazuela','False'),(4,'Pintar','Pinta fachadas','False'),(5,'RCP','Tiene certificado en RCP','False'),(6,'Construccion','Utiliza herramientas de construccion pesadas','False'),(7,'Constructor','Utiliza herramientas de construcción livianas','False'),(8,'Psicologo','Ayuda a personas en momentos de crisis','False'),(9,'TENS','Presta ayuda a equipo medico','False'),(10,'Enfermera','Monitorea a pacientes','False'), (11,'Operario de grua','Opera maquinaria pesada para mover grandes objetos','False'),(12,'Equipo antibombas','Desactivan bombas','False'),(13,'Chaman','Habilidades espirituales','False'),(14,'Cura','Realiza exorcismos','False'),(15,'Pequeño','Puede entrar por lugares estrechos','False'),(16,'Cirujano','Capaz de operar en situaciones de riesgo','False'),(17,'Médico','Conocimientos completos en medicina para situaciones de emergencia','False'),(18,'Kinesiólogo','tratamientos que trabajen sobre articulaciones, músculos, huesos, entre otros componentes del movimiento humano','False'),(19,'Bombero','Entrenado para actuar en incendios y rescates','False'),(20,'Primeros auxilios','Reanimación, curación de heridas, detener sangrado, etc','False');

--------------------------------------------------------------------------------------------------------------------------------
--------------------------------------------------------------------------------------------------------------------------------

INSERT INTO "urgency_skill" (id,id_urgency,id_skill,delete) VALUES (1,1,1,'False'),(2,2,2,'False'),(3,3,3,'False'),(4,4,4,'False'),(5,5,5,'False'),(6,6,6,'False'),(7,7,7,'False'),(8,8,8,'False'),(9,9,9,'False'),(10,10,10,'False'),(11,11,11,'False'),(12,12,12,'False'),(13,13,13,'False'),(14,14,14,'False'),(15,15,15,'False'),(16,16,16,'False'),(17,17,17,'False'),(18,18,18,'False'),(19,19,19,'False'),(20,20,20,'False'),(21,21,11,'False'),(22,22,12,'False'),(23,23,13,'False'),(24,24,14,'False'),(25,25,15,'False'),(26,26,16,'False'),(27,27,17,'False'),(28,28,18,'False'),(29,29,19,'False'),(30,30,20,'False');

--------------------------------------------------------------------------------------------------------------------------------
--------------------------------------------------------------------------------------------------------------------------------

INSERT INTO "volunteer_skill" (id,id_volunteer,id_skill,delete) VALUES (1,1,1,'False'),(2,2,2,'False'),(3,3,3,'False'),(4,4,4,'False'),(5,5,5,'False'),(6,6,6,'False'),(7,7,7,'False'),(8,8,8,'False'),(9,9,9,'False'),(10,10,10,'False'),(11,11,11,'False'),(12,12,12,'False'),(13,13,13,'False'),(14,14,14,'False'),(15,15,15,'False'),(16,16,16,'False'),(17,17,17,'False'),(18,18,18,'False'),(19,19,19,'False'),(20,20,20,'False'),(21,21,20,'False'),(22,22,13,'False'),(23,23,11,'False'),(24,24,4,'False'),(25,25,15,'False'),(26,26,16,'False'),(27,27,18,'False'),(28,28,11,'False'),(29,29,1,'False'),(30,30,12,'False');

--------------------------------------------------------------------------------------------------------------------------------
--------------------------------------------------------------------------------------------------------------------------------

INSERT INTO "task_skill" (id,id_task,id_urgency_skill,delete) VALUES (1,1,1,'False'),(2,2,2,'False'),(3,3,3,'False'),(4,4,4,'False'),(5,5,5,'False'),(6,6,6,'False'),(7,7,7,'False'),(8,8,8,'False'),(9,9,9,'False'),(10,10,10,'False'),(11,11,11,'False'),(12,12,12,'False'),(13,13,13,'False'),(14,14,14,'False'),(15,15,15,'False'),(16,16,16,'False'),(17,17,17,'False'),(18,18,18,'False'),(19,19,19,'False'),(20,20,20,'False'),(21,21,21,'False'),(22,22,22,'False'),(23,23,23,'False'),(24,24,24,'False'),(25,25,25,'False'),(26,26,26,'False'),(27,27,27,'False'),(28,28,28,'False'),(29,29,29,'False'),(30,30,30,'False');

--------------------------------------------------------------------------------------------------------------------------------
--------------------------------------------------------------------------------------------------------------------------------